"ADM2_CODE","ADM2_NAME","EVI","Precipitat"
40943,"Eslamabad-e gharb",806.9821777,83.78427124
40964,"Gilan-e gharb",1254.513428,79.75397491
40974,"Hersin",680.8851318,68.76258087
40980,"Javanrud",1020.473022,108.1063995
40989,"Kangavar",-186.3296051,67.03982544
40995,"Kermanshah",887.8414307,74.17093658
41062,"Paveh",884.4610596,119.0279465
41066,"Qasr-e shirin",787.1082153,35.81013489
41082,"Sahneh",305.0322571,68.59354401
41087,"Sar-e pol-e zahab",1564.707153,96.90809631
41119,"Sonqor",-263.4269104,66.64113617
40917,"Busheher",1010.080688,57.71028519
40927,"Dashtestan",1533.161133,56.90225983
40928,"Dashty",1295.783691,51.59933472
40929,"Dayyer",1280.054932,44.79199982
40933,"Deylaman",1339.42749,51.59421539
40962,"Genaveh",1210.789917,53.94093704
40988,"Kangan",1491.165405,46.20227051
41126,"Tangestan",1250.046021,55.70590591
40878,"Ardel",-129.1272736,61.41476822
40912,"Borujen",-315.883667,49.91249084
40951,"Farsan",-266.2101135,60.40000153
41017,"Lordegan",-114.4854202,58.23379135
41109,"Shar-e kord",-210.5937958,53.22787857
40865,"Administrative unit not available",802.2642822,9.974126816
40867,"Ahar",-132.3271179,24.93073654
40885,"Azarshahr",-52.65415192,30.31796265
40894,"Banab",-34.0820694,40.02329254
40913,"Bostanabad",-337.4362793,29.24171829
40972,"Hashtrud",-47.15499878,39.81224442
40973,"Heris",-318.3139648,25.49435997
40982,"Jolfa",436.4399109,21.51783943
40986,"Kalibar",484.7036438,25.88251114
41024,"Malekan",-187.9276123,43.52523041
41026,"Maragheh",-182.5538635,34.79916
41027,"Marand",-78.15479279,22.94583893
41038,"Mianeh",307.6845093,42.00530243
41059,"Osku",-116.6549454,27.97775459
41088,"Sarab",-102.1885529,28.48824501
41101,"Shabestar",12.34499264,25.15829468
41121,"Tabriz",-117.4994812,25.60401535
40875,"Aran Va Bidgol",475.7872009,25.42204666
40879,"Ardestan",410.2590332,17.74762917
40903,"Barkhvar va meymeh",415.7815552,25.53075981
40941,"Esfehan",434.5198059,20.57073784
40948,"Falavarjan",168.2784119,23.45974541
40949,"Faridan",-256.7366333,46.08921814
40954,"Fereydunshahr",-319.3945923,52.33250046
40966,"Golpaygan",140.1929474,35.80731583
40991,"Kashan",371.3492126,26.38924026
41000,"Khomeinishahr",665.8248901,23.80608368
41007,"Khvansar",-161.4671326,38.78980637
41015,"Lanjan",-50.36268997,37.9199295
41041,"Mobarakeh",4.723298073,29.91955376
41042,"Naein",501.2789001,14.12298203
41045,"Najafabad",157.2615051,32.52553177
41048,"Natanz",371.8901672,21.44463921
41084,"Samirom",-339.0563965,50.00891876
41107,"Shahreza",132.8658447,33.89679718
41131,"Tiran",31.16301727,39.27515411
40860,"Abadeh",358.0791626,37.20552826
40880,"Arsanjan",572.8894043,58.07646561
40904,"Bavanat",182.4803619,47.55809784
40924,"Darab",962.2078247,49.87857056
40939,"Eqlid",-209.3786774,51.40768433
40945,"Estahban",992.2514038,59.9331398
40952,"Fasa",1027.060181,61.31597137
40955,"Firuzabad",1186.772339,63.35464859
40977,"Jahrom",985.7369385,64.55780792
40993,"Kazerun",1527.236572,60.03217316
41002,"Khorrambid",-221.4529114,49.30503082
41013,"Lamerd",1341.904785,43.37031937
41016,"Lar",1065.697266,47.47605515
41025,"Mamasani",1047.470703,59.65581894
41029,"Marvdasht",-246.2089844,63.59712219
41050,"Neyriz",675.8603516,51.68379211
41099,"Sepidan",-497.3756409,67.05604553
41111,"Shiraz",435.8045654,76.07066345
40871,"Amlash",1564.671509,50.58395386
40883,"Astane-ye ashrafieh",1975.59314,114.4846268
40884,"Astara",1645.588257,62.81460571
40897,"Bandar-e anzali",1389.473145,136.3703003
40957,"Fuman",1534.400269,75.12944031
41010,"Kuchesfehan",1961.23999,127.6800385
41012,"Lahijan",2212.213135,108.2511215
41014,"Langrud",2013.848755,88.21504211
41030,"Masal",1937.411133,82.30863953
41076,"Rezvanshahr",1840.646484,77.51075745
41079,"Rudbar",1054.862793,46.01216125
41080,"Rudsar",1155.307495,48.49391174
41100,"Seyahkal",1379.273926,54.57115555
41103,"Shaft",1578.21521,95.66305542
41118,"Someehsara",1986.116577,131.0962524
41128,"Tavalesh",1598.901978,60.11242676
40881,"Asadabad",-197.3012543,62.65789413
40892,"Bahar",-341.2064209,55.3823967
40971,"Hamedan",-233.1471863,47.07798767
40984,"Kabudarahang",-306.692749,51.02522278
41023,"Malayer",-231.1740723,54.44045639
41043,"Nahavand",-197.313446,65.02313232
41074,"Razan",-347.006958,39.59874725
41135,"Tuyserkan",-39.42611313,60.0892067
40901,"Bardeskan",625.501709,23.19757271
40909,"Birjand",481.499115,26.902668
40910,"Bojnord",641.8710327,27.88971519
40920,"Chenaran",929.9087524,28.0643158
40923,"Dar-e Gaz",896.2572632,27.18127251
40940,"Esfarayen",686.6734619,27.04068565
40950,"Fariman",653.4115601,34.4187851
40953,"Ferdos",589.5742798,23.07221794
40959,"Gaenat",672.1369629,32.81492615
40967,"Gonabad",622.7779541,28.76055145
40978,"Jajarm",638.3157959,28.03468895
40992,"Kashmar",781.8616333,28.64154053
41006,"Khvaf",697.1693115,36.16664505
41031,"Mashhad",783.0018921,31.50411797
41044,"Nahbandan",422.1130676,19.94973755
41053,"Nishabur",846.7407227,26.14031029
41069,"Quchan",762.0708618,27.57338524
41081,"Sabzevar",685.1990967,25.47327232
41089,"Sarakhs",1040.92627,35.56186295
41113,"Shirvan",545.9246216,27.69727135
41120,"Tabas",575.6860962,16.58552551
41129,"Taybad",690.3424072,40.43241119
41133,"Torbat-e heydarieh",759.2546997,34.91430283
41134,"Torbat-e jam",725.6824951,41.00733948
40864,"Abumusa",1479.5,24.76922989
40896,"Bandar-e abbas",733.5428467,41.3507843
40899,"Bandar-elengeh",866.2244263,36.79895401
40963,"Geshm",693.9741821,35.46932983
40970,"Hajiabad",673.1104126,41.75
40979,"Jask",468.0094604,33.89471817
41039,"Minab",660.6612549,36.21965027
41078,"Rudan",705.6959839,34.23249817
40862,"Abdanan",1364.42981,71.74752808
40925,"Darrehshahr",1368.306519,71.84816742
40930,"Dehloran",1383.161865,59.25035477
40946,"Eylam",1073.943237,66.0690155
40947,"Eyvan",1135.514771,74.41873932
41033,"Mehran",1195.781372,56.63702774
41112,"Shirvan-e chardavol",1236.501465,70.33798981
40890,"Baft",621.0959473,39.48471451
40893,"Bam",464.3044434,14.21882725
40902,"Bardsir",605.8592529,39.14945221
40981,"Jiroft",643.2141113,27.29173851
40985,"Kahnug",578.7039795,27.84681129
40994,"Kerman",551.0158081,18.27352333
41070,"Rafsanjan",589.5044556,27.98958588
41073,"Ravar",662.9902954,20.19815826
41106,"Shahr_e babak",457.8721008,35.80645752
41116,"Sirjan",592.5106201,42.33448029
41141,"Zarand",660.5037842,25.31914139
40859,"Abadan",275.904541,36.85449982
40868,"Ahvaz",1278.119629,54.56671906
40873,"Andimeshk",1347.936401,84.29445648
40891,"Bagh-e Malek",1267.485229,75.08335876
40895,"Bandar-e aahshahr",963.1707764,48.98505402
40905,"Behbehan",1739.643066,54.96369553
40926,"Dasht-e azadegan",1340.600098,46.99126053
40934,"Dezful",1261.637817,82.79089355
40938,"Eizeh",960.0137329,74.07341003
41004,"Khorramshahr",580.1019287,39.17760468
41032,"Masjed-e soleiman",1290.482056,88.1542511
41056,"Omidiyyeh",1304.130371,56.53626251
41071,"Ramhormoz",1281.922119,68.94983673
41102,"Shadgan",685.1726685,42.8835907
41114,"Shush",1657.050171,66.85965729
41115,"Shushtar",1363.88623,81.40393829
40914,"Boyyerahmad",-211.7502594,59.47876358
40936,"Dogonbadan",1466.333862,56.91397476
41008,"Kohkiluyeh",905.9613037,63.05231857
40900,"Baneh",152.0249176,109.5424118
40907,"Bijar",-258.6878662,60.98805237
40935,"Divandarreh",-358.109314,67.41397858
40987,"Kamyaran",228.0297394,82.67367554
41028,"Marivan",543.333252,119.822464
41068,"Qorveh",-256.6680603,63.81712723
41085,"Sanandaj",178.0853882,82.90375519
41086,"Saqez",-184.22435,73.64702606
18255,"Administrative unit not available",802.2642822,9.974126816
40870,"Aligudarz",-29.94480705,61.15860367
40886,"Azna",-256.0266418,56.78740692
40911,"Borugerd",-139.6957245,62.80638123
40931,"Delfan",-1.208665609,68.64161682
40937,"Dorud",-81.08457947,66.69623566
41001,"Khorramabad",462.6500549,76.98925781
41011,"Kuhdasht",1128.287964,73.34700012
41064,"Pol-e dokhtar",1035.582031,81.35307312
41097,"Selseleh",12.29954243,70.18270874
40874,"Arak",-188.788269,47.36146545
40882,"Ashtiyan",-115.8380661,38.79089355
40932,"Delijan",220.9145355,29.82912254
40999,"Khomain",-253.2305145,42.07634735
41019,"Mahallat",52.38278198,33.90147018
41091,"Sarband",-291.4135437,54.76366043
41095,"Saveh",238.1968079,33.291008
41122,"Tafresh",-23.36164856,39.93710709
40872,"Amol",683.3424072,41.25548172
40887,"Babol",1545.620483,66.40711212
40888,"Babolsar",1467.975586,83.03220367
40906,"Behshahr",1453.597046,44.35873032
40919,"Chalus",832.1469727,41.24927139
40958,"Gaemshahr",2266.238281,83.68880463
40983,"Joybar",1715.617188,77.64745331
41020,"Mahmudabad",1380.692627,93.10089874
41049,"Neka",1557.768433,44.20218658
41054,"Noshahr",1177.753662,49.24084854
41055,"Nur",639.649231,42.15327072
41072,"Ramsar",1094.705688,42.58200073
41093,"Sari",1528.430786,48.87578964
41094,"Savadkuh",1170.044312,42.90637207
41132,"Tonakabon",1190.282837,50.6083374
40922,"Damghan",589.4920654,21.68695068
40961,"Garmsar",542.5031128,25.319273
41098,"Semnan",540.2141724,21.46512794
41108,"Shahrud",578.880127,22.41211128
40918,"Chahbahar",604.0450439,35.95564651
40976,"Iranshahr",525.5533447,29.14632416
40997,"Khash",454.2418213,26.28603363
41051,"Nikshahr",542.5911865,35.76180649
41090,"Saravan",487.9118958,27.58741951
41138,"Zabol",600.8757324,13.85368824
41139,"Zahedan",390.4585571,21.09644318
40921,"Damavand",268.2102966,22.31140709
40944,"Eslamshar",1002.849121,38.53828812
40956,"Firuzkuh",295.9190979,20.18239594
40990,"Karaj",304.3048096,30.71242714
41060,"Pakdasht",704.5056152,32.27999878
41075,"Rey",671.6126709,35.68122864
41077,"Robatkarim",765.6100464,39.46009445
41096,"Savojbolagh",459.593811,30.12808228
41105,"Shahiryar",719.2989502,38.58610535
41110,"Shemiranat",107.482872,24.23237991
41130,"Tehran",497.0450439,30.92598915
41136,"Varamin",765.96875,32.40129852
40866,"Administrative unit not available",802.2642822,9.974126816
40916,"Bukan",-178.9021454,62.19818878
41005,"Khoy",60.13758469,26.49875641
41018,"Mahabad",-301.0293579,62.74811172
41022,"Maku",76.29501343,19.21566391
41037,"Miandoab",-115.0500183,48.90251923
41047,"Naqadeh",-274.0958252,52.39813232
41057,"Orumiiyh",-175.9891205,42.39161682
41058,"Oshnavieh",-279.9601135,51.7473793
41063,"Piranshahr",-254.3289032,66.37580872
41083,"Salmas",-106.778595,36.48842239
41092,"Sardasht",345.5852966,100.9887161
41104,"Shahindezh",131.2993164,49.01483917
41117,"Siyah Cheshmeh",-110.300293,24.73343468
41124,"Takab",-249.3734436,51.40034103
40861,"Abarkuh",556.569397,29.65222549
40877,"Ardakan",404.6500244,12.31545639
40889,"Bafq",563.9705811,16.56562614
40942,"Eshkzar",525.6469727,16.78660393
41034,"Mehriz",571.6678467,29.06752205
41036,"Meybod",563.5877686,12.19485474
41123,"Taft",489.0011597,23.06611824
41137,"Yazd",586.3917847,11.24048615
40863,"Abhar",-185.3765106,37.86167526
40975,"Ijrud",-34.0573616,58.76554108
40998,"Khodabandeh",-198.0764465,50.91333771
41003,"Khorramdarreh",-70.04785156,32.54104614
41021,"Mahneshan",265.6358337,53.51724625
41127,"Tarom",673.0170288,54.4051857
41140,"Zanjan",245.8447571,52.72019577
40876,"Ardabil",0.923977852,28.03813171
40908,"Bilehsavar",937.1827393,35.6178627
40960,"Garmi",610.0802002,31.48007965
40965,"Givi",25.08354187,35.78883743
40996,"Khalkhal",289.8451538,38.63973236
41035,"Meshkinshahr",75.59029388,27.54629135
41046,"Namin",121.6393433,27.75114441
41052,"Nir",45.96035385,29.81536102
41061,"Parsabad",1093.687988,33.04273987
40869,"Aliabad",1025.20459,35.58550262
40898,"Bandar-e torkaman",1227.874023,40.70492554
40968,"Gonbad-e Kavus",1081.84668,39.00471878
40969,"Gorgan",1119.667358,40.18447113
41009,"Kordkuy",1217.380249,32.09397507
41040,"Minudasht",1153.433105,34.90287399
40915,"Bueinzahra",241.0551147,30.71539307
41065,"Qasr-e shirin",787.1082153,35.81013489
41125,"Takestan",454.2434082,27.10033607
41067,"Qom",427.3369446,31.08257294
23564,"Adam",679.5256348,3.930680513
23565,"Al Hamra",785.3104248,6.473775864
23566,"Bahla",772.6789551,4.51532793
23567,"Bid Bid",621.1600342,16.55537033
23568,"Izki",625.696228,9.66591835
23569,"Manah",683.7966919,6.927489758
23570,"Nizwa (Nazwa)",733.8328247,7.483870983
23571,"Samail",585.4125366,13.24578667
23572,"Al Mudhaibi",635.6972046,7.411211491
23573,"Al Qabil",822.6359863,14.13071346
23574,"Al Wafi",759.5823364,13.3246069
23575,"Biddiya",800.6744995,8.836873055
23576,"Ibra",614.3285522,12.85061932
23577,"Jalan Bani",810.5041504,10.30510044
23578,"Masirah",318.5284119,3.968586445
23579,"Sur",949.4651489,16.06689835
23580,"A Rustaq",624.8737793,8.524064064
23581,"Al Awabi",645.2116089,10.56255913
23582,"Al Khabourah",740.0808105,6.189911842
23583,"Al Masnaah",1003.230103,11.7918663
23584,"As Suwaiq",954.3129883,8.984146118
23585,"Barka",1016.738281,15.32518768
23586,"Liwa",631.8973999,5.981749058
23587,"Nakhal",609.1654053,13.77962112
23588,"Saham",734.3984985,4.180973053
23589,"Shinas",596.68396,9.871062279
23590,"Sohar",683.3816528,4.523954391
23591,"Al Buraimi",723.2052612,7.374610424
23592,"Dhank",801.7687988,4.733014107
23593,"Ibri",693.1891479,3.065966845
23594,"Mahdha",570.4587402,10.74820518
23595,"Yanqul",540.5648804,7.23361969
23596,"Al Wusta (1)",834.34552,1.752197146
23597,"Al Halaniyat Isl.",448.9859009,1
23598,"Marbat",1016.439209,1.734166622
23599,"Muqshin",911.5065308,0.835576236
23600,"Salalah",1245.599121,3.424007416
23601,"Sudh",1041.569702,0.702647448
23602,"Taqah",1219.888428,0.877304494
23603,"Thumrait",992.5149536,1.879374266
23604,"Al Khasab",474.7044983,34.70692825
23605,"Bukha",533.2556763,33.46555328
23606,"Diba",581.4474487,27.95781326
23607,"Madha",410.8357544,38.25855637
23608,"A Seeb",810.2081909,19.10726166
23609,"Bausher",721.4390869,21.39398575
23610,"Muscat",603.7877808,23.51330757
23611,"Muttrah",841.65979,24.18085098
23612,"Quriyat",796.805542,18.82393074
23613,"Administrative unit not available",802.2642822,9.974126816
18587,"Administrative unit not available",802.2642822,9.974126816
18588,"Administrative unit not available",802.2642822,9.974126816
18589,"Administrative unit not available",802.2642822,9.974126816
18590,"Administrative unit not available",802.2642822,9.974126816
18591,"Administrative unit not available",802.2642822,9.974126816
18796,"Beirut",681.8235474,192.1538391
18791,"Baalbek",954.1364136,127.3200912
18793,"Hermel",1203.683228,145.5872192
18794,"Rachiaya",1120.029175,186.7888336
18792,"West Bekaa",1234.858154,197.7042236
18795,"Zahle",1115.781738,167.8483429
18807,"Aley",1748.687622,248.1896057
18808,"Baabda",1766.821899,233.3900757
18809,"Chouf",2036.241699,251.6300964
18812,"El Metn",1514.756836,236.562027
18810,"Jubail",1768.155518,245.7487946
18811,"Kasrouane",1365.628662,244.8062592
18814,"Bint Jubail",1476.567017,204.4285736
18813,"Hasbaiya",1645.440674,201.1466217
18815,"Marjaayoun",1503.793457,197.6445007
18816,"Nabatiye",1737.395386,218.4069977
18797,"Akkar",1913.624878,173.8634491
18798,"Batroun",1863.880493,235.022171
18799,"Bcharre",1151.485474,219.6980438
18800,"Koura",2178.155029,205.884613
18801,"Minieh-Danieh",1429.404663,203.0071869
18802,"Tripoli",1509.117676,189.8055573
18803,"Zgharta",2041.976807,210.8081207
18804,"Jezzine",1984.766602,252.9333344
18805,"Saida",2008.888672,166.2977448
18806,"Sour",2029.388672,167.9377594
24963,"Administrative unit not available",802.2642822,9.974126816
24964,"Administrative unit not available",802.2642822,9.974126816
24965,"Administrative unit not available",802.2642822,9.974126816
24966,"Administrative unit not available",802.2642822,9.974126816
24967,"Administrative unit not available",802.2642822,9.974126816
24968,"Administrative unit not available",802.2642822,9.974126816
24969,"Administrative unit not available",802.2642822,9.974126816
24970,"Administrative unit not available",802.2642822,9.974126816
24971,"Administrative unit not available",802.2642822,9.974126816
25305,"Administrative unit not available",802.2642822,9.974126816
25306,"Administrative unit not available",802.2642822,9.974126816
25307,"Administrative unit not available",802.2642822,9.974126816
25308,"Administrative unit not available",802.2642822,9.974126816
25309,"Administrative unit not available",802.2642822,9.974126816
25310,"Administrative unit not available",802.2642822,9.974126816
25311,"Administrative unit not available",802.2642822,9.974126816
25312,"Administrative unit not available",802.2642822,9.974126816
25313,"Administrative unit not available",802.2642822,9.974126816
25314,"Administrative unit not available",802.2642822,9.974126816
25315,"Administrative unit not available",802.2642822,9.974126816
25316,"Administrative unit not available",802.2642822,9.974126816
25317,"Administrative unit not available",802.2642822,9.974126816
32679,"Administrative unit not available",802.2642822,9.974126816
32680,"Administrative unit not available",802.2642822,9.974126816
32681,"Administrative unit not available",802.2642822,9.974126816
32682,"Administrative unit not available",802.2642822,9.974126816
32683,"Administrative unit not available",802.2642822,9.974126816
32684,"Administrative unit not available",802.2642822,9.974126816
32685,"Administrative unit not available",802.2642822,9.974126816
32686,"Administrative unit not available",802.2642822,9.974126816
32687,"Administrative unit not available",802.2642822,9.974126816
32688,"Administrative unit not available",802.2642822,9.974126816
32689,"Administrative unit not available",802.2642822,9.974126816
68768,"Administrative unit not available",802.2642822,9.974126816
68767,"Administrative unit not available",802.2642822,9.974126816
144974,"Al Dhihar",1357.552612,8.138889313
144975,"Al Mashannah",1487.090942,8.545454979
144976,"Ibb",1653.083008,8.565854073
144977,"Lawdar",767.1999512,3.51366353
144978,"Al Wahdah",642.3636475,5
144979,"As Sabain",770.7948608,5.0625
144980,"Assafi'yah",617.5714111,5.800000191
144981,"At Tahrir",691.666687,5
144982,"Ath'thaorah",800.3214111,5
144983,"Az'zal",596.7692261,5.599999905
144984,"Ma'ain",680.333313,5.303030491
144985,"Old City",544,5
144986,"Shu'aub",656.2631836,5
144987,"Al Bayda",731.4187622,2.863216162
144988,"Al Bayda City",706.2000122,2.846153736
144989,"Al Malagim",830.5683594,4
144990,"As Sawadiyah",838.6856079,4.18108654
144991,"Al Misrakh",1479.234253,9.009803772
144992,"Al Mudhaffar",1003.8125,6.294117451
144993,"Al Qahirah",892.833313,6.181818008
144994,"At Ta'iziyah",1189.127808,6.325757504
144995,"Mashra'a Wa Hadnan",1728.315796,10.46666622
144996,"Sabir Al Mawadim",1247.810303,8.331818581
144997,"Salh",1022.409119,6.238095284
144998,"Ash Shaghadirah",1473.92981,5.896103859
144999,"Bani Al Awam",1544.6604,6.666666508
145000,"Hajjah",1133,6.361445904
145001,"Hajjah City",1165.018188,6.884615421
145002,"Mabyan",1174.48999,6.274774551
145003,"Najrah",1538.244873,6.311110973
145004,"Qarah",865.8544922,7.035502911
145005,"Wadhrah",1024.806396,5.86206913
145006,"Washhah",1298.207886,6.779220581
145007,"Al Hali",722.3496094,4.208695889
145008,"Al Hawak",865.4078979,4.043478489
145010,"Al Munirah",759.5285645,5.995821953
145011,"As Salif",431.9718323,7.895061493
145012,"Al Mukalla",1051.243896,8.792797089
145013,"Al Mukalla City",809.8603516,4.63085413
145014,"Brom Mayfa",737.442688,4.857990265
145015,"Ghayl Ba Wazir",963.8930664,8.837270737
145016,"Hidaybu",1894.421875,10.56004238
145017,"Qulensya Wa Abd Al Kuri",1609.654419,9.462428093
145018,"Sa'adah",1000.028564,7.6875
145019,"Sahar",945.5932617,8.106006622
145020,"Al Buraiqeh",404.9083557,3.53873229
145021,"Al Mansura",416.2307739,3
145022,"Al Mualla",473.75,4.461538315
145023,"Ash Shaikh Outhman",459.0833435,3
145024,"Attawahi",354.8181763,3.799999952
145025,"Craiter",276.9285584,3.166666746
145026,"Dar Sad",874.2278442,3
145027,"Khur Maksar",373.6896667,3
145028,"Al  Hawtah",1469.777832,3
145029,"Tuban",537.5811157,3.489281178
145030,"Jabal Murad",728.9883423,5.77702713
145031,"Marib",638.9202881,4.00192976
145032,"Marib City",1356.859863,4.035460949
145033,"Medghal",679.458313,4.376266479
145034,"Rahabah",686.8927002,5.087557793
145035,"Sirwah",663.8171387,5.202572346
145036,"Al Mahwait",1183.989014,6.398773193
145037,"Al Mahwait City",1735.949951,7.647058964
145038,"Al Jabin",1659.940063,6.817721367
145039,"Kusmah",1424.120361,7.845493793
145040,"Mazhar",1339.383667,7.131313324
32877,"Al Makhadir",1535.289429,7.554621696
32878,"Al Qafr",1069.862427,6.25398922
32876,"Al Udayn",1565.721069,6.669926643
32880,"An Nadirah",1111.720337,8.294117928
32879,"Ar Radmah",1056.228271,7.552147388
32881,"As Sabrah",1201.150757,8.042552948
32882,"As Saddah",1061.209839,9.072413445
32883,"As Sayyani",1419.949097,8.47307682
32884,"Ash Sha'ir",1279.236938,9.197368622
32885,"Ba'dan",1417.737549,8.836431503
32886,"Dhi As Sufal",1801.588257,8.663507462
32887,"Far Al Udayn",1438.737183,5.980247021
32888,"Hazm Al Udayn",1085.359497,6.044036865
32889,"Hubaysh",1261.258911,7.466926098
32891,"Jiblah",1709.625,9.481751442
32892,"Mudhaykhirah",1929.035156,8.661538124
32893,"Yarim",959.2270508,8.462540627
32692,"Ahwar",540.1932983,1.801713586
32693,"Al Mahfad",711.4970703,2.529526949
32694,"Al Wade'a",723.491272,3.004207611
32695,"Jayshan",707.5481567,3.100354195
32696,"Khanfir",620.1797485,2.554692745
32698,"Mudiyah",767.0979004,2.837530375
32699,"Rasad",1151.782593,5.469026566
32701,"Sarar",660.958313,4.754824162
32700,"Sibah",877.5831299,4.726519108
32703,"Zingibar",843.6203613,2
32945,"Bani Al Harith",1051.664673,4.583892822
32719,"Al A'rsh",925.1536255,6.218120575
32717,"Al Quraishyah",843.4838867,5.463768005
32720,"Ar Ryashyyah",835.3822021,6.807106495
32722,"As Sawma'ah",750.0740967,2.769797325
32718,"Ash Sharyah",870.2575073,5.114845753
32723,"At Taffah",856.1154785,4.187440395
32724,"Az Zahir",923.3583984,3.971751451
32725,"Dhi Na'im",760.6682129,3
32726,"Maswarah",743.4699097,3.214983702
32727,"Mukayras",711.7288208,2.69371438
32728,"Na'man",803.4472046,4
32729,"Nati'",773.973999,4
32730,"Rada'",899.0279541,5.992125988
32731,"Radman Al Awad",830.4239502,4.468647003
32732,"Sabah",802.7817383,7.502183437
32733,"Wald Rabi'",829.3391724,5.511888027
32978,"Al  Mukha",840.8410645,4.846685886
32993,"Al Ma'afer",1131.424927,7.984694004
32975,"Al Mawasit",1212.542114,9.231092453
32977,"Al Wazi'iyah",942.2720337,6.950413227
32979,"As Silw",1136.633667,9.043955803
32974,"Ash Shamayatayn",1054.562256,9.023426056
32981,"Dhubab",638.0944214,5.154706001
32982,"Dimnat Khadir",927.2824707,6.958415985
32983,"Hayfan",1154.365234,8.392156601
32984,"Jabal Habashy",1264.842896,8
32985,"Maqbanah",1212.182861,6.371832848
32987,"Mawiyah",1158.656738,6.984713554
32988,"Mawza",970.1182251,5.742404461
32990,"Sama",1110.786621,9.735294342
32991,"Shara'b Ar Rawnah",1488.328735,6.444444656
32992,"Shara'b As Salam",1902.32019,6.885462761
32761,"Al Ghayl",1003.335083,4.096969604
32762,"Al Hazm",668.0845947,4.107005119
32763,"Al Humaydat",936.4708862,5.26450491
32765,"Al Khalq",807.8666382,4
32768,"Al Maslub",1030.114502,4.477612019
32766,"Al Matammah",875.4905396,0.216509655
32767,"Al Maton",1068.345337,4.352083206
32769,"Az Zahir",923.3583984,3.971751451
32770,"Bart Al Anan",678.31073,5.845860481
32764,"Khabb wa ash Sha'af",725.579834,4.18627882
32771,"Kharab Al Marashi",748.4979858,5.778523445
32772,"Rajuzah",721.5812378,6.570546627
32849,"Abs",1007.471069,6.32192564
32850,"Aflah Al Yaman",2200.148193,6.844444275
32851,"Aflah Ash Shawm",1863.63269,7.617021084
32852,"Al Jamimah",942.2335205,6.599999905
32855,"Al Maghrabah",899.7894897,5.91900301
32854,"Al Mahabishah",1491.70874,7.329787254
32853,"Al Miftah",1418.300049,7.172839642
32856,"Ash Shahil",1198.186523,7.237287998
32858,"Aslem",1479.422729,6.150349617
32859,"Bakil Al Mir",904.9987793,6.83062315
32860,"Bani Qa'is",1098.134155,5.252577305
32863,"Haradh",944.7596436,6.585096359
32864,"Hayran",1010.947388,6.559999943
32865,"Khayran Al Muharraq",1502.338257,6.426136494
32866,"Ku'aydinah",1160.172485,5.986111164
32868,"Kuhlan Affar",998,6.5592103
32869,"Kuhlan Ash Sharaf",1440.780518,7.760000229
32867,"Kushar",1067.770508,7.366412163
32871,"Midi",886.1775513,7.599061966
32872,"Mustaba",1084.622559,6.08099699
32873,"Qafl Shamer",2370.76709,6.747368336
32874,"Sharas",938.2886353,6.0930233
32739,"Ad Dahi",1492.486938,4.985714436
32740,"Ad Durayhimi",819.8150024,4.05635643
32743,"Al Garrahi",1076.115967,4.860182285
32741,"Al Hajjaylah",1132.640625,4.855932236
32737,"Al Khawkhah",829.1297607,4.749175072
32746,"Al Mansuriyah",1378.390015,4.009259224
32747,"Al Marawi'ah",1135.863403,4.004756451
32748,"Al Mighlaf",1660.290283,5
32749,"Al Qanawis",1122.244385,5.100456715
32734,"Alluheyah",907.0090942,6.790697575
32751,"As Sukhnah",1299.722046,4.023364544
32735,"At Tuhayat",727.1149292,5.085324287
32752,"Az Zaydiyah",1170.301392,5.112099648
32753,"Az Zuhrah",1201.489258,5.717217922
32754,"Bajil",931.1912231,4.593137264
32755,"Bayt Al Faqiah",1082.820313,4.050000191
32756,"Bura",1547.327759,5.959259033
32757,"Hays",1192.469482,5.074576378
32758,"Jabal Ra's",1114.703979,5.378555775
32759,"Kamaran",836.1442261,8
32760,"Zabid",1131.401001,4.162123203
32825,"Ad Dis",969.9795532,11.06358719
32823,"Adh Dhlia'ah",1092.903564,7.243928432
32824,"Al Abr",773.7087402,4.957839966
32838,"Al Qaf",1022.745056,11.68031311
32827,"Al Qatn",1170.943237,8.536358833
32822,"Amd",1153.253296,7.000809669
32828,"Ar Raydah Wa Qusayar",978.4056396,13.32358933
32829,"As Sawm",1166.937256,14.70109272
32830,"Ash Shihr",1000.647888,10.84974861
32832,"Daw'an",1143.554932,8.630133629
32834,"Ghayl Bin Yamin",1248.989502,11.91469574
32835,"Hagr As Sai'ar",1158.265747,8.409265518
32836,"Hajr",972.6825562,5.223415852
32837,"Huraidhah",1117.031738,7.57079649
32840,"Rakhyah",1152.29187,6.423401833
32839,"Rumah",950.8731079,17.17105293
32841,"Sah",1156.334351,10.13204861
32842,"Sayun",1225.672852,10.32632732
32843,"Shibam",1186.058716,9.521360397
32844,"Tarim",1198.979492,11.67593193
32845,"Thamud",939.1248779,16.17751312
32846,"Wadi Al Ayn",1151.981812,8.179296494
32847,"Yabuth",1129.912964,5.25604105
32848,"Zamakh wa Manwakh",837.4648438,7.360769272
32812,"Al Hada",832.6134644,6.282430172
32813,"Al Manar",1095.133301,6.516129017
32810,"Anss",1036.977417,7.526893616
32815,"Dawran Aness",988.6361694,6.201777935
32814,"Dhamar City",945.5442505,7.007299423
32816,"Jabal Ash sharq",1005.990967,6.256048203
32817,"Jahran",1101.664429,7.019417286
32818,"Maghirib Ans",1198.761475,6.941176414
32819,"Mayfa'at Anss",939.010376,7.066570282
32811,"Utmah",1460.601074,6.970119476
32820,"Wusab Al Ali",1290.694214,6.811747074
32821,"Wusab As Safil",1157.234863,5.862365723
32966,"Ain",730.5146484,4.094737053
32963,"Al Talh",1080.444702,5.958414078
32962,"Ar Rawdah",1072.184326,4.445879459
32957,"Arma",968.5802612,4.474671364
32961,"As Said",742.6447144,3.891304255
32958,"Ataq",913.8723145,3.71418786
32960,"Bayhan",750.892395,3.663170099
32964,"Dhar",1126.125732,5.720850468
32965,"Habban",990.7370605,3.629254818
32967,"Hatib",685.1079102,3.553221226
32968,"Jardan",804.2198486,3.600192785
32971,"Mayfa'a",756.6763916,3.704811335
32969,"Merkhah Al Ulya",727.4500732,3.011827946
32970,"Merkhah As Sufla",633.2834473,3.223420143
32972,"Nisab",659.6402588,3.098516464
32973,"Rudum",629.0994873,2.404365778
32959,"Usaylan",594.277832,3.130690098
32921,"Al Dhaher",1623.334595,7.176954746
32920,"Al Hashwah",630.6550293,5.795876503
32919,"As Safra",754.8504028,7.113972664
32922,"Baqim",909.4188843,9.092457771
32928,"Ghamr",946.5632324,9.616883278
32923,"Haydan",1224.411011,8.830769539
32924,"Kitaf wa Al Boqe'e",667.2107544,5.166138649
32925,"Majz",900.8901978,9.475874901
32926,"Monabbih",954.5391235,9.214007378
32927,"Qatabir",791.8081665,10.31363678
32929,"Razih",1672.904785,9.723484993
32931,"Saqayn",955.1742554,10.04761887
32932,"Shada'a",1885.87915,8.024691582
32933,"Al Haymah Ad Dakhiliyah",1128.615479,6.496168613
32934,"Al Haymah Al Kharijiyah",1023.464294,6.019330025
32937,"Al Husn",731.1952515,6.401937008
32940,"Arhab",963.0234985,6.092233181
32938,"Attyal",732.6473999,7.248962879
32942,"Bani Dhabyan",751.7023926,5.490066051
32943,"Bani Hushaysh",961.1190186,5.866510391
32944,"Bani Matar",918.8898926,6.889763832
32946,"Bilad Ar Rus",932.7047119,6.721719265
32948,"Hamdan",997.3890381,6.189312935
32949,"Jihanah",702.6742554,6.080515385
32950,"Khwlan",748.1078491,6.080717564
32952,"Manakhah",1055.680542,6.318583965
32953,"Nihm",892.131958,6.298127651
32954,"Sa'fan",1364.199951,5.907216549
32956,"Sanhan",786.1696167,6.187311172
32894,"Al Had",825.5541992,4.467353821
32900,"Al Madaribah Wa Al Arah",585.8608398,5.395366192
32899,"Al Maflahy",843,6.168831348
32896,"Al Maqatirah",1027.064941,8.134571075
32897,"Al Milah",651.3192139,4.417582512
32898,"Al Musaymir",755.072937,5.92254734
32904,"Al Qabbaytah",860.770813,6.23706913
32902,"Habil Jabr",761.1446533,5.374826908
32901,"Halimayn",840.7948608,7.650793552
32903,"Radfan",723.3372192,5.688235283
32905,"Tur Al Bahah",654.1452026,5.01480341
32906,"Yafa'a",913.9455566,5.272435665
32907,"Yahr",992.1295166,6.140562058
32908,"Al Abdiyah",801.8943481,4.614305973
32909,"Al Jubah",682.4266968,4.376601219
32910,"Bidbadah",710.666687,6.478048801
32911,"Harib",772.8422241,4.530416012
32912,"Harib Al Qaramish",651.3839111,6.11398983
32913,"Mahliyah",810.8898926,5.001396656
32914,"Majzar",830.6530762,4.517363548
32917,"Raghwan",636.0142212,4
32782,"Al Khabt",1387.492065,6.291367054
32784,"Ar Rujum",1168.355469,6.571808338
32785,"At Tawilah",1086.346558,6.99272728
32786,"Bani Sa'd",1041.628784,5.913183212
32787,"Hufash",1296.139771,7.562874317
32788,"Milhan",1936.938232,6.593175888
32789,"Shibam Kawkaban",1095.381348,8.288769722
32774,"Al Ghaydah",1020.670593,10.21755028
32773,"Al Masilah",1078.169922,14.54068184
32777,"Hat",959.6125488,13.22838306
32778,"Hawf",1203.465332,8.764914513
32776,"Huswain",976.4746704,10.5456686
32779,"Man'ar",1019.222656,18.36685944
32780,"Qishn",991.4646606,13.69690037
32781,"Sayhut",1025.382935,13.96548557
32775,"Shahan",1059.223022,8.252310753
32791,"Al Ashah",781.7183838,6.513441086
32793,"Al Madan",877.1777954,7.285714149
32792,"Al Qaflah",784.0189209,6.657894611
32790,"Amran",992.9545288,7.155555725
32794,"As Sawd",905.8492432,6.186440468
32795,"As Sudah",1094.359131,6.046391964
32797,"Bani Suraim",939.0523682,6.658602238
32798,"Dhi Bin",992.8428345,6.254452705
32799,"Habur Zulaymah",1054.51416,6.103138924
32800,"Harf Sufyan",856.7796021,6.334840298
32801,"Huth",978.6867065,6.458432198
32796,"Iyal Surayh",980.8766479,6.552238941
32802,"Jabal Iyal Yazid",977.3751831,7.098330021
32803,"Khamir",994.2495117,6.911392212
32804,"Kharif",867.357605,6.949832916
32805,"Maswar",1201.162598,7.335526466
32806,"Raydah",963.2244263,6.708695889
32807,"Shaharah",1017.227661,6.805970192
32808,"Suwayr",891.1587524,6.057803631
32809,"Thula",984.56604,9.255208015
32704,"Ad Dhale'e",890.2824097,9.117800713
32705,"Al Azariq",956.5292969,8.810945511
32707,"Al Husha",1101.286255,8.264822006
32706,"Al Hussein",1006.914001,9.143589973
32708,"Ash Shu'ayb",904.6445313,7.391304493
32709,"Damt",947.4377441,7.159722328
32710,"Jahaf",965.6818237,9.051281929
32711,"Juban",902.4155273,6.441616535
32712,"Qa'atabah",1040.715576,7.947984219
32935,"Al Jafariyah",1695.63562,6.057324886
32941,"As Salafiyah",1092.980835,6.438095093
32947,"Bilad At Ta'am",1143.548462,5.605206013
36719,"Al-Muwaqar",921.7297974,36.99468231
36715,"Al-Jeeza",953.1322632,26.75475883
36717,"Amman",817.7209473,80.2857132
36714,"Jami'ah",1004.552856,89.16577911
36718,"Marka",937.8699341,55.39512253
36720,"Na'oor",1261.582642,77.65100861
36716,"Qwaismeh",992.5450439,74.90155792
36721,"Sahab",891.1563721,36.0402832
36722,"Wadisseer",1317.070435,93.33000183
36724,"Al-Qwaira",754.411377,13.67829037
36728,"Al-Ruseifa",1629.598511,40.72222137
36726,"Al-Shoona Al-Janoobiya",1860.826416,52.89634323
36725,"Dair Ala",1379.251465,87.82550049
36730,"Al-Aghwar Al-Shimaliya",1178.437256,67.75934601
36735,"Al-Koora",1509.394165,101.9430923
36736,"Al-Mazar Al-Shimali",1602.700928,91.38541412
36731,"Al-Ramtha",1601.38623,93.302948
36729,"Al-Teeba",2438.924072,75.0921402
36734,"Beni Kinana",1906.723145,95.46468353
36732,"Beni Obaid",1112.620605,82.22628021
36737,"Jarash",1622.062744,84.39762878
36738,"Al-Aghwar Al-Janoobiya",796.526001,25.25019455
36741,"Al-Mazar Al-Janoobi",959.579895,71.91358185
36745,"Al-Shobak",888.8892212,58.6546402
36746,"Wadi Moosa",859.9078369,49.60542297
65716,"Ajloon",1744.706543,103.6374741
65718,"Wadi Araba",733.03302,14.29094791
65722,"Al-Salt",1300.34082,95.25
65740,"Irbid",1311.633179,90.29804993
65724,"Al-Qaser",875.2776489,65.35866547
65725,"Al-Qatraneh",914.0778198,46.83695984
65744,"Ma'an",910.4822998,8.67813015
65745,"Madaba",859.2047729,54.8801651
65746,"Theeban",1137.108521,61.60434723
65728,"Al-ruwaished",801.6981201,16.71301079
65729,"Bal'ama",1233.522949,53.55226517
65735,"Tafiela",922.4944458,35.64444351
65736,"Al-Hashimiya",806.555481,13.79817009
65731,"Sabha",653.1375122,37.35828018
65738,"Zarqa",1350.139038,35.51241302
65730,"Mafraq",988.6377563,38.44099426
65732,"Sama Al-Serhan",1223.671265,51.31105423
65739,"Al-Wasatiya",1642.026001,92.10294342
65715,"Kufranjeh",1606.152222,88.6198349
65720,"Al-Ardha",1434.713501,69.92948914
65721,"Zay",1307.042603,110.6590881
65719,"Mahes & Fhais",1420.236328,76.54794312
65723,"Ira & Yarqa",1565.519287,93.35106659
65737,"Al-Dhilail",1259.96582,70.17391205
65726,"Faqooa'",975.7374268,72.26060486
36739,"Ayy",1093.070557,76.02702332
65727,"Karak",1097.966553,74.36730957
65733,"Al-Hasa",907.1623535,47.26128387
65734,"Bsaira",942.6287231,64.55622864
65717,"Aqaba",608.6456299,11.61377525
65743,"Ail",838.1162109,32.44889069
65741,"Al-Mraigha",907.1938477,44.71232986
65742,"Al-Jafer",824.5022583,38.51576233
26311,"Al_Fiq",2216.76123,110.7901611
26312,"Al_Qunaytirah",1606.888428,150.1077576
26313,"A'zaz",685.3190918,76.37628174
26314,"Afrin",1325.898193,108.6958771
26315,"Ain_Al_Arab",955.4541626,65.67031097
26316,"Al_Bab",848.303772,61.78553391
26317,"As_Safira",901.241394,47.25835037
26318,"Jarablus",985.6558228,68.75717163
26319,"Jebel_Saman",828.0114136,61.39205933
26320,"Menbij",964.4287109,52.20567703
26321,"As_Suwayda",682.9732056,41.86657715
26322,"Salkhad",600.1362305,44.55393219
26323,"Shahba",692.4945679,39.22780991
26324,"City_Damascus",970.666687,46.93125153
26325,"Al_Ghutta",1392.077637,38.95135117
26326,"Al_Qutayfah",907.0128784,27.31720734
26327,"An_Nabk",858.5560913,40.82136536
26328,"At_Tall",1021.730591,83.4578476
26329,"Az_Zabdani",957.3339844,140.4166718
26330,"Center",863.6640015,49.82849884
26331,"Darayya",1081.87561,43.76190567
26332,"Darayya/Center",1063.112305,58.2514267
26333,"Duma",848.7371216,19.29057693
26334,"Qatana",1053.958008,109.4648743
26335,"Yabrud",796.6192017,93.88188171
26336,"As_Sanamayn",783.8903809,63.25319672
26337,"Dara",953.3239746,61.36955643
26338,"Izra'",877.451416,74.16020966
26339,"Abu_Kamal",792.53479,26.38075638
26340,"Al_Mayadin",846.5933838,24.51527023
26341,"Dayr_Az_Zor",744.1819458,36.71736145
26342,"Al_Ghab",1461.001099,155.517807
26343,"Al_Sqalbieh",1261.955322,145.8623047
26344,"As_Salamiyeh",996.9002075,39.69564819
26345,"Hama",992.1046143,74.54013062
26346,"Masyaf",1636.829224,179.1994934
26347,"Mesiaf",1205.884766,153.4390259
26348,"Muhradah",813.9369507,98.59382629
26349,"Name Unknown",888.8790283,41.65898895
26350,"Al_Malika",1035.635986,91.69554138
26351,"Hassakeh",754.5973511,61.11608505
26352,"Name Unknown",888.8790283,41.65898895
26353,"Quamishli",892.9603882,78.81356049
26354,"Ras_Al_Ain",802.3883057,72.37554932
26355,"Al_Maghrim",972.078186,37.5632515
26356,"Al_Quasir",1036.559204,94.50040436
26357,"Ar_Rastan",855.1895752,85.20755005
26358,"Homs",917.7723389,47.35943222
26359,"Tadmor",956.7166748,20.78977585
26360,"Tall_Kalakh",1671.00647,175.9643555
26361,"Al_Jisr_Ash_Shu",1585.46167,150.3715668
26362,"Al_Ma'ra",936.5476685,77.24108124
26363,"Ariha",1206.95166,116.1389465
26364,"Harim",1348.963501,115.9092407
26365,"Idleb",874.4100952,80.7519989
26366,"Al_Hafa",2291.616943,204.8024902
26367,"Al_Qardaha",2475.949463,207.3040771
26368,"Jablah",2296.343506,209.6055603
26369,"Lattakia",2393.322998,184.0622101
26370,"Name Unknown",888.8790283,41.65898895
26371,"Raqqa",853.8651123,37.72663498
26372,"Tabqat",715.6120605,47.33735275
26373,"Tell_Abiad",898.2609863,55.9907341
26374,"Banyas",2206.714355,227.2051239
26375,"Dreikisch",2147.16748,226.3776398
26376,"Safita",2071.798828,198.2797241
26377,"Sheikh Badr",2334.673584,239.3209839
26378,"Tartous",2123.49585,197.2903595
18311,"Administrative unit not available",802.2642822,9.974126816
18312,"Administrative unit not available",802.2642822,9.974126816
18313,"Administrative unit not available",802.2642822,9.974126816
18314,"Administrative unit not available",802.2642822,9.974126816
18315,"Administrative unit not available",802.2642822,9.974126816
18316,"Administrative unit not available",802.2642822,9.974126816
36824,"Al-Shikhan",1413.598877,126.2391281
36827,"Tilkaif",1062.016357,103.4595566
36821,"Al-Hamdaniya",1131.962402,84.42099762
36823,"Mosul",988.5178833,61.4783287
36826,"Telafar",956.0836792,85.7066803
36796,"Sumel",1366.299194,126.9679718
36795,"Dahuk",1416.034424,122.2884598
36793,"Akre",1476.809692,139.1343689
36820,"Al-Ba'aj",701.6442261,45.97517395
36825,"Sinjar",1000.385376,69.17491913
36822,"Hatra",779.0335693,40.52668381
36797,"Zakho",1285.375366,123.9292221
36837,"Al-Shirqat",916.6486206,45.09463882
36833,"Baiji",903.8729248,31.86892509
36756,"Haditha",994.4000244,24.00671959
36801,"Khanaqin",1808.703979,57.60749054
36802,"Kifri",1790.850342,44.62128067
36799,"Baladrooz",1406.81604,38.2694931
36803,"Al-Muqdadiya",2139.703125,31.51347542
36800,"Al-Khalis",1825.801758,29.24949837
36839,"Tooz",1755.020386,45.24377441
36771,"Kalar",1423.437134,92.83512878
36798,"Ba'quba",1883.975586,28.16109848
36757,"Heet",1059.93335,18.37941933
36760,"Al-Rutba",950.1213989,17.69714928
36758,"Al-Ka'im",941.2738037,21.7106514
36759,"Ramadi",928.4743042,17.76278305
36755,"Falluja",1147.300049,21.17321205
36804,"Ain Al-Tamur",913.0533447,17.77028847
36806,"Kerbala",957.2436523,19.08293343
36819,"Najaf",1133.71582,18.12401009
36838,"Tikrit",1384.124146,30.31446266
36849,"Badra",848.4057617,36.76124954
36850,"Kut",1204.069336,31.96498108
36851,"Al-Na'maniya",1555.293335,25.42965698
36777,"Al-Mahawil",2015.207642,26.14906311
36784,"Mahmoudiya",1904.23291,26.81380272
36809,"Ali Al-Gharbi",864.9684448,40.0511055
36810,"Amara",1167.816284,41.57062149
36845,"Al-Rifa'i",1396.109253,30.34759712
36848,"Al-Hai",1282.316162,28.47658348
36828,"Afaq",1475.997437,24.54723167
36829,"Diwaniya",1421.363037,22.74153709
36775,"Hashimiya",1794.144409,24.46009827
36817,"Kufa",1522.626587,23.55068779
36818,"Al-Manathera",1240.222168,21.49834633
36776,"Hilla",1716.180908,23.90086174
36831,"Al-Shamiya",1457.256836,20.72519112
36830,"Hamza",1217.891602,19.23364258
36814,"Al-Salman",1184.192871,17.84412575
36805,"Al-Hindiya",1556.367798,22.0459671
36815,"Al-Rumaitha",1225.386353,20.64447403
36808,"Al-Mejar Al-Kabi",2006.51355,31.95301056
36811,"Al-Maimouna",1612.068237,29.86268234
36807,"Al-Kahla",1368.210693,40.96997833
36812,"Qal'at Saleh",1524.14978,36.22719193
36788,"Al-Midaina",1451.576782,26.57659531
36789,"Al-Qurna",858.5023804,29.10857201
36816,"Al-Samawa",940.1831055,17.56989288
36813,"Al-Khidhir",855.0672607,19.79273605
36844,"Nassriya",1235.859985,21.44237328
36847,"Suq Al-Shoyokh",876.4625854,19.86860657
36843,"Al-Chibayish",761.7880249,20.35654068
36792,"Shatt Al-Arab",527.3739624,34.84667587
36791,"Basrah",560.0901489,27.26411629
36787,"Abu Al-Khaseeb",545.4569092,32.19034576
36783,"Mada'in",1574.619873,29.63718987
36846,"Al-Shatra",1724.493042,26.88360977
36841,"Al-Hawiga",1424.276733,45.49066925
36840,"Daquq",1859.803833,57.9985466
36778,"Al-Musayab",1657.376099,24.6113472
36763,"Makhmur",1015.03064,69.24053955
36767,"Chamchamal",1389.319702,113.2483826
36794,"Amedi",1100.627808,116.9832993
36766,"Pshdar",1021.859497,116.5505905
36772,"Rania",1315.888794,136.2965851
36764,"Shaqlawa",1347.532227,141.0221405
36769,"Dokan",1342.640259,139.5401459
36765,"Sulaymaniya",1503.683105,134.7270203
36773,"Sharbazher",1413.680908,146.3990479
36853,"Penjwin",1040.129639,157.9579773
36768,"Darbandihkan",1559.849854,130.3904419
36779,"Abu Ghraib",1829.266724,24.43472862
123553,"Kadhmiyah",1707.747681,26.25762177
36780,"Adhamiya",1564.972412,27.35195541
36782,"Karkh",1123.634888,27.77640915
36832,"Al-Fares",1623.925903,22.93326569
36835,"Al-Daur",1741.580444,27.49884415
36834,"Balad",1772.701538,22.62103081
36785,"Al Resafa",1048.710938,28.18269157
123554,"Erbil",1110.069214,108.0108261
123555,"Tarmia",1631.971802,25.83670425
123556,"Al-Zubair",1089.142578,19.44236183
123557,"Fao",428.8232422,31.00954628
123558,"Mergasur",1018.243469,112.3221817
123559,"Soran",925.791748,99.57867432
123560,"Choman",478.3113098,81.40014648
123561,"Koisnjaq",1390.842407,131.3387909
123562,"Halabja",1563.375977,140.2442017
123563,"Thawra 2",985.694458,28
123564,"Thawra 1",1014.466675,28.07317162
123565,"Ana",961.6288452,20.09086037
123566,"Ra'ua",921.3162842,25.74241257
123567,"Al-Thethar",1179.428345,20.22392273
123568,"Kirkuk",1617.428101,69.17743683
123569,"Dabes",1372.703247,72.93093872
123570,"Al-Azezia",1416.760376,29.66296768
123571,"Al-Suwaira",1879.60791,27.42378235
123572,"Samarra",1427.775879,22.39772415
16442,"Administrative unit not available",802.2642822,9.974126816
16443,"Administrative unit not available",802.2642822,9.974126816
16444,"Administrative unit not available",802.2642822,9.974126816
16445,"Administrative unit not available",802.2642822,9.974126816
16446,"Administrative unit not available",802.2642822,9.974126816
5748,"Administrative unit not available",802.2642822,9.974126816
5749,"Administrative unit not available",802.2642822,9.974126816
5750,"Administrative unit not available",802.2642822,9.974126816
5751,"Administrative unit not available",802.2642822,9.974126816
5752,"Administrative unit not available",802.2642822,9.974126816
5753,"Administrative unit not available",802.2642822,9.974126816
5754,"Administrative unit not available",802.2642822,9.974126816
5755,"Administrative unit not available",802.2642822,9.974126816
5756,"Administrative unit not available",802.2642822,9.974126816
5757,"Administrative unit not available",802.2642822,9.974126816
5758,"Administrative unit not available",802.2642822,9.974126816
5759,"Administrative unit not available",802.2642822,9.974126816
28568,"Administrative unit not available",802.2642822,9.974126816
28569,"Administrative unit not available",802.2642822,9.974126816
28570,"Administrative unit not available",802.2642822,9.974126816
28571,"Administrative unit not available",802.2642822,9.974126816
28572,"Administrative unit not available",802.2642822,9.974126816
28573,"Administrative unit not available",802.2642822,9.974126816
28574,"Administrative unit not available",802.2642822,9.974126816
28575,"Administrative unit not available",802.2642822,9.974126816
28576,"Administrative unit not available",802.2642822,9.974126816
